id_port,time_came,time_left
Пулково,2021-06-14T10:39:00,2021-06-14T17:54:41
Пулково,2021-06-30T17:14:00,2021-07-01T00:07:32
Домодедово,2021-06-06T23:10:00,2021-06-07T01:54:18
Домодедово,2021-06-07T11:58:00,2021-06-07T14:11:50
Домодедово,2021-06-09T14:54:00,2021-06-09T15:43:50
Шереметьево,2021-06-30T10:29:00,2021-06-30T18:57:36
Пулково,2021-06-05T02:37:00,2021-06-05T04:26:50
Пулково,2021-06-08T00:07:00,2021-06-08T07:23:36
Шереметьево,2021-06-16T02:58:00,2021-06-16T07:24:46
Шереметьево,2021-06-26T03:08:00,2021-06-26T08:45:50
Внуково,2021-06-08T22:48:00,2021-06-09T02:15:41
Пулково,2021-06-06T20:24:00,2021-06-06T23:50:46
Кольцово,2021-06-16T21:42:00,2021-06-17T03:42:55
Пулково,2021-06-07T04:05:00,2021-06-07T09:15:09
Пулково,2021-06-12T00:36:00,2021-06-12T07:37:50
Пулково,2021-06-17T00:22:00,2021-06-17T06:46:00
Внуково,2021-06-26T20:03:00,2021-06-27T04:20:32
Аэропорт Сочи,2021-06-11T07:16:00,2021-06-11T08:57:32
Пулково,2021-06-30T22:01:00,2021-07-01T01:38:51
Шереметьево,2021-06-30T21:01:00,2021-07-01T05:38:50
Аэропорт Сочи,2021-06-30T19:00:00,2021-07-01T20:00:00
Домодедово,2021-06-30T18:37:00,2021-06-30T21:37:00
Шереметьево,2021-06-10T03:41:00,2021-06-10T11:31:46
Кольцово,2021-06-18T06:41:00,2021-06-18T08:50:13
Внуково,2021-06-21T05:19:00,2021-06-21T14:29:09
Домодедово,2021-06-08T00:31:00,2021-06-08T09:31:55
Шереметьево,2021-06-04T03:34:00,2021-06-04T12:25:41
Аэропорт Сочи,2021-06-26T07:56:00,2021-06-26T13:30:09
Внуково,2021-06-26T18:03:00,2021-06-26T22:37:09
Домодедово,2021-06-27T08:05:00,2021-06-27T10:40:04
Пулково,2021-06-30T21:09:00,2021-07-01T00:57:55
Домодедово,2021-06-28T09:50:00,2021-06-28T10:03:50
Пулково,2021-06-02T14:52:00,2021-06-02T19:14:09
Домодедово,2021-06-29T15:27:00,2021-06-29T20:31:36
Домодедово,2021-06-14T14:39:00,2021-06-14T17:16:50
Пулково,2021-06-29T04:17:00,2021-06-29T05:52:04
Пулково,2021-06-05T11:56:00,2021-06-05T17:16:18
Аэропорт Сочи,2021-06-23T20:56:00,2021-06-23T22:27:23
Пулково,2021-06-14T15:39:00,2021-06-14T20:04:50
Домодедово,2021-06-19T06:45:00,2021-06-19T10:17:18
Домодедово,2021-06-23T18:34:00,2021-06-24T01:51:32
Пулково,2021-06-28T23:03:00,2021-06-29T07:49:09
Кольцово,2021-06-12T05:31:00,2021-06-12T10:56:50
Домодедово,2021-06-04T03:20:00,2021-06-04T03:44:55
Пулково,2021-06-28T21:36:00,2021-06-29T04:10:09
Домодедово,2021-06-24T13:59:00,2021-06-24T23:09:09
Аэропорт Сочи,2021-06-29T00:34:00,2021-06-29T05:45:04
Домодедово,2021-06-18T11:23:00,2021-06-18T17:18:23
Пулково,2021-06-27T18:43:00,2021-06-28T01:44:50
Шереметьево,2021-06-07T17:45:00,2021-06-07T18:45:55
Шереметьево,2021-06-03T10:37:00,2021-06-03T17:26:50
Домодедово,2021-06-05T13:49:00,2021-06-05T21:28:41
Внуково,2021-06-04T23:20:00,2021-06-05T06:56:00
Внуково,2021-06-17T13:11:00,2021-06-17T14:00:50
Кольцово,2021-06-17T12:13:00,2021-06-17T14:50:50
Шереметьево,2021-06-26T06:32:00,2021-06-26T15:30:09
Аэропорт Сочи,2021-06-20T04:41:00,2021-06-20T11:51:09
Шереметьево,2021-06-22T10:17:00,2021-06-22T14:06:50
Пулково,2021-06-08T02:37:00,2021-06-08T05:42:32
Пулково,2021-06-05T23:01:00,2021-06-06T00:07:27
Пулково,2021-06-22T06:42:00,2021-06-22T13:30:00
Пулково,2021-06-18T06:51:00,2021-06-18T10:56:32
Домодедово,2021-06-11T19:33:00,2021-06-12T03:25:36
Домодедово,2021-06-29T18:44:00,2021-06-30T00:36:36
Пулково,2021-06-24T17:44:00,2021-06-25T01:03:23
Аэропорт Сочи,2021-06-27T08:30:00,2021-06-27T11:51:13
Аэропорт Сочи,2021-06-19T12:51:00,2021-06-19T21:39:55
Домодедово,2021-06-28T16:03:00,2021-06-29T01:12:13
Домодедово,2021-06-04T02:41:00,2021-06-04T11:25:18
Внуково,2021-06-14T00:04:00,2021-06-14T05:11:23
Аэропорт Сочи,2021-06-25T13:40:00,2021-06-25T17:11:23
Шереметьево,2021-06-07T19:29:00,2021-06-07T20:24:23
Домодедово,2021-06-28T01:47:00,2021-06-28T09:09:09
Шереметьево,2021-06-05T22:36:00,2021-06-06T01:16:36
Домодедово,2021-06-01T05:41:00,2021-06-01T06:39:09
Кольцово,2021-06-04T00:42:00,2021-06-04T03:58:36
Домодедово,2021-06-30T22:41:00,2021-06-30T22:53:55
Шереметьево,2021-06-27T12:44:00,2021-06-27T14:08:55
Домодедово,2021-06-12T02:36:00,2021-06-12T03:21:13
Аэропорт Сочи,2021-06-15T09:10:00,2021-06-15T16:42:18
Пулково,2021-06-29T00:14:00,2021-06-29T03:21:23
Пулково,2021-06-02T19:18:00,2021-06-02T20:46:36
Пулково,2021-06-07T08:09:00,2021-06-07T10:18:13
Шереметьево,2021-06-10T17:16:00,2021-06-11T02:25:13
Домодедово,2021-06-18T12:59:00,2021-06-18T14:16:32
Шереметьево,2021-06-28T06:53:00,2021-06-28T07:57:36
Внуково,2021-06-18T19:33:00,2021-06-19T02:23:46
Шереметьево,2021-06-14T16:43:00,2021-06-14T17:32:50
Домодедово,2021-06-01T09:40:00,2021-06-01T17:03:04
Шереметьево,2021-06-25T19:32:00,2021-06-26T03:29:13
Внуково,2021-06-17T23:21:00,2021-06-18T00:45:00
Шереметьево,2021-06-16T19:51:00,2021-06-17T01:58:23
Домодедово,2021-06-22T23:55:00,2021-06-23T09:00:32
Внуково,2021-06-30T21:26:00,2021-06-30T21:45:23
Шереметьево,2021-06-06T13:17:00,2021-06-06T20:38:13
Домодедово,2021-06-11T21:42:00,2021-06-11T23:40:09
Аэропорт Сочи,2021-06-17T10:38:00,2021-06-17T11:38:55
Домодедово,2021-06-21T07:45:00,2021-06-21T14:20:04
Пулково,2021-06-18T19:24:00,2021-06-19T01:48:55
Шереметьево,2021-06-21T17:45:00,2021-06-21T18:20:04
Домодедово,2021-06-22T09:40:00,2021-06-22T13:07:41
Домодедово,2021-06-13T10:41:00,2021-06-13T18:34:32
Пулково,2021-06-08T20:48:00,2021-06-09T01:49:50
Домодедово,2021-06-02T06:45:00,2021-06-02T07:16:23
Домодедово,2021-06-06T00:09:00,2021-06-06T08:01:36
Внуково,2021-06-13T09:33:00,2021-06-13T17:07:09
Аэропорт Сочи,2021-06-30T11:56:00,2021-06-30T18:55:04
Внуково,2021-06-04T18:23:00,2021-06-04T22:39:36
Кольцово,2021-06-18T15:58:00,2021-06-19T00:35:50
Шереметьево,2021-06-14T00:13:00,2021-06-14T01:37:00
Внуково,2021-06-14T05:54:00,2021-06-14T06:26:18
Пулково,2021-06-17T01:00:00,2021-06-17T05:41:32
Домодедово,2021-06-17T07:07:00,2021-06-17T15:13:27
Аэропорт Сочи,2021-06-18T20:47:00,2021-06-19T03:48:50
Пулково,2021-06-03T02:08:00,2021-06-03T06:58:46
Домодедово,2021-06-07T20:46:00,2021-06-07T22:46:55
Пулково,2021-06-24T18:30:00,2021-06-24T23:06:55
Пулково,2021-06-26T01:17:00,2021-06-26T08:45:36
Внуково,2021-06-13T21:44:00,2021-06-14T02:25:32
Домодедово,2021-06-23T16:56:00,2021-06-24T00:35:41
Шереметьево,2021-06-23T20:18:00,2021-06-23T22:32:46
Пулково,2021-06-01T18:19:00,2021-06-02T00:33:46
Домодедово,2021-06-26T06:15:00,2021-06-26T14:34:23
Шереметьево,2021-06-02T04:50:00,2021-06-02T07:21:23
Шереметьево,2021-06-05T12:19:00,2021-06-05T16:23:36
Шереметьево,2021-06-24T17:22:00,2021-06-25T01:50:36
Домодедово,2021-06-02T12:53:00,2021-06-02T18:25:18
Пулково,2021-06-28T14:40:00,2021-06-28T22:36:18
Домодедово,2021-06-15T13:34:00,2021-06-15T13:38:36
Внуково,2021-06-21T20:07:00,2021-06-21T22:43:00
Кольцово,2021-06-02T18:35:00,2021-06-02T20:40:32
Шереметьево,2021-06-03T14:35:00,2021-06-03T23:26:41
Домодедово,2021-06-14T20:09:00,2021-06-14T21:12:41
Шереметьево,2021-06-24T04:02:00,2021-06-24T11:46:18
Домодедово,2021-06-25T17:42:00,2021-06-25T17:51:13
Домодедово,2021-06-10T23:54:00,2021-06-11T07:05:04
Пулково,2021-06-25T22:04:00,2021-06-26T03:59:23
Пулково,2021-06-15T05:17:00,2021-06-15T11:33:36
Шереметьево,2021-06-01T17:21:00,2021-06-01T23:59:46
Аэропорт Сочи,2021-06-09T19:36:00,2021-06-09T19:43:23
Пулково,2021-06-24T11:26:00,2021-06-24T14:59:13
Шереметьево,2021-06-19T07:04:00,2021-06-19T15:56:36
Пулково,2021-06-24T16:52:00,2021-06-24T18:33:32
Шереметьево,2021-06-30T01:11:00,2021-06-30T07:35:00
Пулково,2021-06-27T05:06:00,2021-06-27T10:34:36
Домодедово,2021-06-27T13:24:00,2021-06-27T20:04:36
Домодедово,2021-06-28T07:12:00,2021-06-28T14:24:00
Домодедово,2021-06-07T09:41:00,2021-06-07T18:00:23
Пулково,2021-06-30T16:47:00,2021-06-30T21:53:27
Внуково,2021-06-14T05:19:00,2021-06-14T09:54:04
Шереметьево,2021-06-09T12:33:00,2021-06-09T16:34:50
Шереметьево,2021-06-28T07:20:00,2021-06-28T07:56:00
Домодедово,2021-06-01T11:52:00,2021-06-01T17:46:27
Кольцово,2021-06-22T01:51:00,2021-06-22T06:34:23
Внуково,2021-06-25T03:38:00,2021-06-25T09:20:27
Пулково,2021-06-01T05:29:00,2021-06-01T11:33:36
Внуково,2021-06-17T22:17:00,2021-06-17T23:31:46
Пулково,2021-06-05T06:03:00,2021-06-05T07:03:55
Внуково,2021-06-16T08:43:00,2021-06-16T17:46:41
Кольцово,2021-06-04T12:20:00,2021-06-04T14:29:13
Пулково,2021-06-29T05:16:00,2021-06-29T13:14:09
Пулково,2021-06-13T13:45:00,2021-06-13T14:25:36
Кольцово,2021-06-07T00:12:00,2021-06-07T03:53:32
Аэропорт Сочи,2021-06-23T00:57:00,2021-06-23T09:57:55
Внуково,2021-06-21T15:35:00,2021-06-21T20:46:04
Кольцово,2021-06-24T08:47:00,2021-06-24T14:56:13
Аэропорт Сочи,2021-06-15T04:22:00,2021-06-15T05:40:27
Домодедово,2021-06-18T16:11:00,2021-06-18T20:54:23
Шереметьево,2021-06-15T15:00:00,2021-06-15T23:53:32
Кольцово,2021-06-13T02:43:00,2021-06-13T08:06:04
Аэропорт Сочи,2021-06-08T04:05:00,2021-06-08T08:23:27
Внуково,2021-06-23T16:28:00,2021-06-23T21:55:41
Домодедово,2021-06-13T03:56:00,2021-06-13T09:12:36
Пулково,2021-06-17T21:31:00,2021-06-18T01:29:09
Пулково,2021-06-09T21:37:00,2021-06-10T00:35:09
Домодедово,2021-06-04T19:30:00,2021-06-04T22:39:13
Внуково,2021-06-06T01:29:00,2021-06-06T09:51:09
Шереметьево,2021-06-26T03:09:00,2021-06-26T06:50:32
Домодедово,2021-06-02T06:35:00,2021-06-02T15:18:23
Домодедово,2021-06-24T14:33:00,2021-06-24T19:13:36
Внуково,2021-06-14T13:26:00,2021-06-14T19:53:41
Шереметьево,2021-06-24T20:31:00,2021-06-25T03:25:27
Пулково,2021-06-21T23:35:00,2021-06-22T00:09:09
Шереметьево,2021-06-28T02:47:00,2021-06-28T11:13:46
Пулково,2021-06-16T00:19:00,2021-06-16T06:00:32
Домодедово,2021-06-03T07:11:00,2021-06-03T08:35:55
Пулково,2021-06-02T23:50:00,2021-06-03T03:54:36
Пулково,2021-06-08T09:38:00,2021-06-08T18:49:04
Домодедово,2021-06-22T07:26:00,2021-06-22T15:18:36
Пулково,2021-06-16T18:31:00,2021-06-16T19:07:00
Домодедово,2021-06-12T16:17:00,2021-06-12T19:17:55
Аэропорт Сочи,2021-06-28T20:00:00,2021-06-28T22:05:32
Пулково,2021-06-19T11:25:00,2021-06-19T19:00:04
Пулково,2021-06-15T22:59:00,2021-06-16T01:26:41
Внуково,2021-06-03T00:53:00,2021-06-03T08:42:50
Внуково,2021-06-22T04:28:00,2021-06-22T10:49:13
Домодедово,2021-06-08T07:06:00,2021-06-08T08:15:13
Домодедово,2021-06-14T08:43:00,2021-06-14T16:32:50
Аэропорт Сочи,2021-06-24T03:06:00,2021-06-24T04:20:46
Аэропорт Сочи,2021-06-27T08:44:00,2021-06-27T17:32:00
Шереметьево,2021-06-05T20:08:00,2021-06-05T21:20:55
Пулково,2021-06-26T14:47:00,2021-06-26T19:11:00
Шереметьево,2021-06-10T00:21:00,2021-06-10T01:27:27
Шереметьево,2021-06-02T22:22:00,2021-06-03T04:07:13
Аэропорт Сочи,2021-06-11T18:18:00,2021-06-11T18:25:23
Шереметьево,2021-06-16T05:39:00,2021-06-16T11:44:32
Пулково,2021-06-17T13:53:00,2021-06-17T19:02:13
Домодедово,2021-06-19T18:02:00,2021-06-20T00:31:32
Кольцово,2021-06-04T12:24:00,2021-06-04T18:12:55
Домодедово,2021-06-01T17:11:00,2021-06-01T17:34:04
Домодедово,2021-06-22T12:07:00,2021-06-22T16:17:09
Домодедово,2021-06-26T07:01:00,2021-06-26T09:35:09
Домодедово,2021-06-27T00:41:00,2021-06-27T08:22:32
Шереметьево,2021-06-28T00:45:00,2021-06-28T02:02:32
Шереметьево,2021-06-30T03:29:00,2021-06-30T08:38:13
Пулково,2021-06-01T15:18:00,2021-06-01T16:52:09
Домодедово,2021-06-16T14:08:00,2021-06-16T17:21:50
Внуково,2021-06-30T05:30:00,2021-06-30T13:55:50
Пулково,2021-06-14T00:37:00,2021-06-14T06:37:00
Аэропорт Сочи,2021-06-20T16:58:00,2021-06-20T20:15:32
Домодедово,2021-06-28T11:46:00,2021-06-28T19:58:00
Пулково,2021-06-15T07:41:00,2021-06-15T10:22:32
Аэропорт Сочи,2021-06-29T16:25:00,2021-06-30T01:00:04
Аэропорт Сочи,2021-06-08T02:00:00,2021-06-08T09:06:27
Внуково,2021-06-25T05:26:00,2021-06-25T09:00:09
Внуково,2021-06-09T03:55:00,2021-06-09T09:19:00
Домодедово,2021-06-25T11:50:00,2021-06-25T19:46:18
Шереметьево,2021-06-20T13:09:00,2021-06-20T14:05:18
Пулково,2021-06-22T21:11:00,2021-06-23T00:22:04
Домодедово,2021-06-12T09:55:00,2021-06-12T11:15:18
Внуково,2021-06-28T11:47:00,2021-06-28T17:15:36
Пулково,2021-06-12T23:55:00,2021-06-13T08:21:46
Домодедово,2021-06-26T19:26:00,2021-06-27T04:04:46
Домодедово,2021-06-07T11:26:00,2021-06-07T12:52:46
Домодедово,2021-06-10T20:47:00,2021-06-10T22:08:13
Шереметьево,2021-06-13T03:37:00,2021-06-13T05:37:00
Аэропорт Сочи,2021-06-18T04:36:00,2021-06-18T07:20:18
Пулково,2021-06-16T00:47:00,2021-06-16T02:06:23
Домодедово,2021-06-27T21:25:00,2021-06-28T06:05:36
Шереметьево,2021-06-25T11:07:00,2021-06-25T16:23:36
Шереметьево,2021-06-25T02:53:00,2021-06-25T03:07:46
Домодедово,2021-06-04T15:20:00,2021-06-04T15:50:27
Пулково,2021-06-16T21:32:00,2021-06-16T23:00:36
Пулково,2021-06-23T10:11:00,2021-06-23T15:31:18
Внуково,2021-06-19T16:26:00,2021-06-19T18:25:04
Аэропорт Сочи,2021-06-28T17:15:00,2021-06-29T00:02:04
Шереметьево,2021-06-29T01:57:00,2021-06-29T10:16:23
Кольцово,2021-06-05T23:16:00,2021-06-05T23:46:27
Домодедово,2021-06-05T19:22:00,2021-06-06T02:39:32
Домодедово,2021-06-13T02:42:00,2021-06-13T06:45:41
Домодедово,2021-06-22T04:11:00,2021-06-22T10:16:32
Домодедово,2021-06-08T03:02:00,2021-06-08T04:21:23
Домодедово,2021-06-12T05:50:00,2021-06-12T12:27:50
Внуково,2021-06-15T20:21:00,2021-06-16T01:31:09
Шереметьево,2021-06-28T14:41:00,2021-06-28T17:13:18
Пулково,2021-06-14T16:33:00,2021-06-14T22:56:04
Домодедово,2021-06-17T10:43:00,2021-06-17T19:25:27
Домодедово,2021-06-05T14:54:00,2021-06-05T19:43:50
Домодедово,2021-06-15T12:36:00,2021-06-15T13:55:23
Внуково,2021-06-21T01:47:00,2021-06-21T07:39:36
Пулково,2021-06-29T07:35:00,2021-06-29T16:08:13
Домодедово,2021-06-27T00:17:00,2021-06-27T04:52:04
Кольцово,2021-06-11T09:23:00,2021-06-11T15:12:50
Домодедово,2021-06-14T18:17:00,2021-06-15T03:20:41
Пулково,2021-06-19T17:55:00,2021-06-19T23:35:36
Пулково,2021-06-25T00:33:00,2021-06-25T03:52:23
Домодедово,2021-06-05T07:58:00,2021-06-05T09:29:23
Пулково,2021-06-18T10:02:00,2021-06-18T14:28:46
Внуково,2021-06-26T23:57:00,2021-06-27T05:47:46
Шереметьево,2021-06-24T21:53:00,2021-06-25T01:09:36
Пулково,2021-06-23T16:40:00,2021-06-23T19:27:04
Домодедово,2021-06-09T13:08:00,2021-06-09T20:44:55
Пулково,2021-06-30T10:17:00,2021-06-30T15:38:13
Пулково,2021-06-13T12:34:00,2021-06-13T14:58:00
Пулково,2021-06-13T20:56:00,2021-06-14T03:27:23
Домодедово,2021-06-23T03:14:00,2021-06-23T10:14:55
Пулково,2021-06-01T03:06:00,2021-06-01T11:24:27
Домодедово,2021-06-28T12:02:00,2021-06-28T14:07:32
Пулково,2021-06-30T04:34:00,2021-06-30T06:54:18
Внуково,2021-06-12T10:48:00,2021-06-12T12:38:46
Шереметьево,2021-06-02T22:47:00,2021-06-03T02:47:00
Пулково,2021-06-29T20:10:00,2021-06-30T04:13:41
Домодедово,2021-06-27T00:37:00,2021-06-27T06:27:46
Шереметьево,2021-06-26T05:22:00,2021-06-26T08:08:09
Пулково,2021-06-06T02:16:00,2021-06-06T10:04:00
Домодедово,2021-06-21T09:26:00,2021-06-21T16:24:09
Пулково,2021-06-09T17:55:00,2021-06-09T17:59:36
Внуково,2021-06-16T20:36:00,2021-06-17T04:13:50
Шереметьево,2021-06-29T21:17:00,2021-06-30T02:05:00
Пулково,2021-06-02T11:10:00,2021-06-02T12:16:27
Пулково,2021-06-25T01:46:00,2021-06-25T06:35:50
Домодедово,2021-06-20T12:59:00,2021-06-20T21:23:55
Пулково,2021-06-29T21:57:00,2021-06-30T03:45:00
Домодедово,2021-06-25T00:20:00,2021-06-25T09:19:04
Шереметьево,2021-06-23T08:07:00,2021-06-23T11:16:13
Шереметьево,2021-06-18T12:42:00,2021-06-18T14:17:04
Внуково,2021-06-25T12:27:00,2021-06-25T17:35:18
Домодедово,2021-06-22T01:13:00,2021-06-22T06:06:32
Домодедово,2021-06-18T13:50:00,2021-06-18T20:25:04
Внуково,2021-06-27T02:31:00,2021-06-27T09:39:18
Шереметьево,2021-06-09T03:29:00,2021-06-09T10:26:13
Шереметьево,2021-06-02T01:51:00,2021-06-02T09:13:09
Кольцово,2021-06-02T09:47:00,2021-06-02T15:52:32
Кольцово,2021-06-01T00:04:00,2021-06-01T04:14:09
Пулково,2021-06-16T13:10:00,2021-06-16T17:15:32
Шереметьево,2021-06-15T13:58:00,2021-06-15T17:53:23
Кольцово,2021-06-27T10:27:00,2021-06-27T18:40:50
Кольцово,2021-06-30T20:50:00,2021-07-01T04:55:32
Домодедово,2021-06-09T23:56:00,2021-06-10T03:08:00
Пулково,2021-06-13T14:56:00,2021-06-13T19:18:09
Домодедово,2021-06-04T17:14:00,2021-06-04T18:14:00
Пулково,2021-06-26T06:39:00,2021-06-26T15:50:04
Шереметьево,2021-06-20T09:44:00,2021-06-20T11:09:50
Домодедово,2021-06-03T03:43:00,2021-06-03T09:03:18
Внуково,2021-06-20T02:44:00,2021-06-20T07:46:46
Шереметьево,2021-06-07T01:18:00,2021-06-07T05:23:32
Внуково,2021-06-01T06:15:00,2021-06-01T13:59:18
Пулково,2021-06-25T21:26:00,2021-06-25T22:01:04
Шереметьево,2021-06-02T09:05:00,2021-06-02T17:53:00
Домодедово,2021-06-24T16:37:00,2021-06-25T00:42:32
Домодедово,2021-06-17T18:24:00,2021-06-17T21:32:18
Внуково,2021-06-05T16:09:00,2021-06-05T16:34:50
Пулково,2021-06-28T09:29:00,2021-06-28T10:55:46
Внуково,2021-06-09T08:42:00,2021-06-09T11:47:32
Внуково,2021-06-29T18:02:00,2021-06-30T01:14:55
Пулково,2021-06-07T22:04:00,2021-06-08T02:39:04
Пулково,2021-06-16T17:13:00,2021-06-17T00:31:27
Домодедово,2021-06-28T17:21:00,2021-06-28T19:47:46
Внуково,2021-06-26T13:58:00,2021-06-26T19:24:46
Домодедово,2021-06-14T02:11:00,2021-06-14T03:23:55
Домодедово,2021-06-12T17:52:00,2021-06-12T20:45:32
Пулково,2021-06-21T17:52:00,2021-06-21T21:16:55
Пулково,2021-06-25T03:53:00,2021-06-25T10:12:23
Пулково,2021-06-10T00:09:00,2021-06-10T05:34:50
Внуково,2021-06-16T13:04:00,2021-06-16T18:58:27
Внуково,2021-06-17T07:42:00,2021-06-17T14:30:55
Пулково,2021-06-16T05:24:00,2021-06-16T08:36:00
Пулково,2021-06-22T19:04:00,2021-06-22T23:42:46
Домодедово,2021-06-05T01:41:00,2021-06-05T06:53:00
Шереметьево,2021-06-16T23:13:00,2021-06-17T03:18:32
Внуково,2021-06-16T00:18:00,2021-06-16T07:07:50
Пулково,2021-06-19T09:53:00,2021-06-19T18:31:46
Пулково,2021-06-14T12:30:00,2021-06-14T16:00:27
Пулково,2021-06-27T18:24:00,2021-06-27T20:05:32
Шереметьево,2021-06-11T12:28:00,2021-06-11T15:36:18
Шереметьево,2021-06-17T22:06:00,2021-06-18T00:40:09
Пулково,2021-06-23T07:38:00,2021-06-23T13:26:55
Кольцово,2021-06-15T22:41:00,2021-06-16T00:42:50
Пулково,2021-06-13T08:15:00,2021-06-13T17:25:09
Домодедово,2021-06-28T10:38:00,2021-06-28T13:12:09
Внуково,2021-06-07T19:27:00,2021-06-08T03:47:18
Аэропорт Сочи,2021-06-14T19:02:00,2021-06-14T20:57:23
Шереметьево,2021-06-24T01:39:00,2021-06-24T05:27:00
Внуково,2021-06-11T11:16:00,2021-06-11T13:37:13
Пулково,2021-06-23T00:18:00,2021-06-23T02:49:23
Пулково,2021-06-04T10:18:00,2021-06-04T11:06:55
Шереметьево,2021-06-09T06:00:00,2021-06-09T11:18:27
Шереметьево,2021-06-02T23:46:00,2021-06-03T04:34:00
Домодедово,2021-06-16T15:47:00,2021-06-16T22:09:09
Пулково,2021-06-23T08:51:00,2021-06-23T12:28:50
Домодедово,2021-06-04T17:22:00,2021-06-05T00:20:09
Внуково,2021-06-22T05:15:00,2021-06-22T07:51:55
Пулково,2021-06-01T02:38:00,2021-06-01T06:00:09
Аэропорт Сочи,2021-06-19T21:13:00,2021-06-20T05:20:23
Пулково,2021-06-17T12:34:00,2021-06-17T15:07:13
Внуково,2021-06-16T08:09:00,2021-06-16T08:24:41
Шереметьево,2021-06-20T06:04:00,2021-06-20T07:27:04
Шереметьево,2021-06-23T03:17:00,2021-06-23T11:36:23
Пулково,2021-06-04T10:47:00,2021-06-04T12:15:36
Домодедово,2021-06-09T01:48:00,2021-06-09T02:17:32
Пулково,2021-06-26T01:01:00,2021-06-26T01:05:36
Кольцово,2021-06-11T18:31:00,2021-06-11T22:55:00
Домодедово,2021-06-28T11:20:00,2021-06-28T15:56:55
Внуково,2021-06-21T13:34:00,2021-06-21T17:17:23
Пулково,2021-06-11T16:45:00,2021-06-11T17:17:18
Пулково,2021-06-21T15:55:00,2021-06-21T16:09:46
Домодедово,2021-06-09T14:07:00,2021-06-09T16:48:32
Пулково,2021-06-05T00:59:00,2021-06-05T05:30:23
Домодедово,2021-06-08T16:14:00,2021-06-09T00:37:04
Домодедово,2021-06-12T04:36:00,2021-06-12T12:49:50
Шереметьево,2021-06-22T09:52:00,2021-06-22T13:10:27
Внуково,2021-06-08T05:27:00,2021-06-08T06:41:46
Аэропорт Сочи,2021-06-20T03:52:00,2021-06-20T11:27:04
Домодедово,2021-06-27T16:41:00,2021-06-28T01:40:04
Домодедово,2021-06-09T01:40:00,2021-06-09T02:20:36
Шереметьево,2021-06-12T16:14:00,2021-06-12T23:45:23
Домодедово,2021-06-19T00:39:00,2021-06-19T02:09:27
Аэропорт Сочи,2021-06-02T02:12:00,2021-06-02T11:12:00
Аэропорт Сочи,2021-06-07T06:40:00,2021-06-07T06:53:50
Домодедово,2021-06-09T08:21:00,2021-06-09T09:03:27
Шереметьево,2021-06-11T13:45:00,2021-06-11T17:57:00
Домодедово,2021-06-12T00:10:00,2021-06-12T00:45:04
Внуково,2021-06-01T00:52:00,2021-06-01T05:35:23
Пулково,2021-06-15T18:05:00,2021-06-15T22:23:27
Пулково,2021-06-27T07:54:00,2021-06-27T12:50:18
Домодедово,2021-06-15T04:58:00,2021-06-15T13:03:32
Аэропорт Сочи,2021-06-22T20:54:00,2021-06-23T05:06:00
Аэропорт Сочи,2021-06-07T07:26:00,2021-06-07T14:06:36
Кольцово,2021-06-24T21:34:00,2021-06-25T00:21:04
Домодедово,2021-06-04T15:56:00,2021-06-04T17:44:00
Аэропорт Сочи,2021-06-12T11:27:00,2021-06-12T12:10:23
Пулково,2021-06-15T08:56:00,2021-06-15T15:59:41
Пулково,2021-06-05T09:00:00,2021-06-05T17:28:36
Домодедово,2021-06-11T18:43:00,2021-06-11T20:25:27
Пулково,2021-06-07T09:18:00,2021-06-07T14:18:55
Домодедово,2021-06-19T02:33:00,2021-06-19T08:11:46
Аэропорт Сочи,2021-06-23T09:09:00,2021-06-23T09:29:18
Внуково,2021-06-12T15:22:00,2021-06-12T17:46:55
Пулково,2021-06-24T00:50:00,2021-06-24T05:50:55
Пулково,2021-06-18T08:50:00,2021-06-18T11:47:13
Домодедово,2021-06-02T06:03:00,2021-06-02T10:16:50
Домодедово,2021-06-21T11:20:00,2021-06-21T19:36:36
Шереметьево,2021-06-15T20:56:00,2021-06-15T22:53:13
Пулково,2021-06-08T18:40:00,2021-06-08T20:14:09
Пулково,2021-06-22T01:33:00,2021-06-22T09:17:18
Шереметьево,2021-06-14T19:13:00,2021-06-15T02:37:00
Аэропорт Сочи,2021-06-04T19:37:00,2021-06-05T02:33:18
Пулково,2021-06-29T10:25:00,2021-06-29T11:26:50
Внуково,2021-06-14T17:11:00,2021-06-14T21:35:00
Шереметьево,2021-06-27T14:05:00,2021-06-27T15:21:36
Домодедово,2021-06-24T10:50:00,2021-06-24T17:15:50
Внуково,2021-06-03T08:35:00,2021-06-03T15:48:50
Аэропорт Сочи,2021-06-13T03:32:00,2021-06-13T12:41:13
Кольцово,2021-06-28T10:51:00,2021-06-28T18:03:00
Шереметьево,2021-06-23T22:41:00,2021-06-24T06:20:41
Домодедово,2021-06-07T05:23:00,2021-06-07T10:20:13
Кольцово,2021-06-18T11:13:00,2021-06-18T15:54:32
Пулково,2021-06-28T02:19:00,2021-06-28T07:09:46
Внуково,2021-06-18T05:05:00,2021-06-18T08:13:18
Пулково,2021-06-23T19:56:00,2021-06-24T00:12:36
Домодедово,2021-06-12T10:26:00,2021-06-12T10:45:23
Домодедово,2021-06-15T15:26:00,2021-06-15T21:28:46
Кольцово,2021-06-15T10:43:00,2021-06-15T15:57:46
Внуково,2021-06-16T19:29:00,2021-06-17T04:00:23
Домодедово,2021-06-08T11:22:00,2021-06-08T20:08:09
Кольцово,2021-06-20T05:31:00,2021-06-20T06:33:46
Пулково,2021-06-26T05:22:00,2021-06-26T06:03:32
Кольцово,2021-06-25T01:08:00,2021-06-25T03:00:36
Домодедово,2021-06-30T13:08:00,2021-06-30T14:14:27
Кольцово,2021-06-02T09:36:00,2021-06-02T09:55:23
Домодедово,2021-06-07T11:13:00,2021-06-07T16:44:23
Шереметьево,2021-06-19T15:21:00,2021-06-19T21:54:13
Пулково,2021-06-27T07:23:00,2021-06-27T08:11:00
Пулково,2021-06-19T11:57:00,2021-06-19T12:28:23
Пулково,2021-06-12T20:05:00,2021-06-13T03:26:13
Внуково,2021-06-14T00:38:00,2021-06-14T08:59:13
Домодедово,2021-06-11T05:22:00,2021-06-11T11:11:50
Внуково,2021-06-29T19:58:00,2021-06-29T20:37:41
Внуково,2021-06-11T15:24:00,2021-06-11T18:49:50
Пулково,2021-06-27T19:57:00,2021-06-27T23:43:09
Аэропорт Сочи,2021-06-20T20:38:00,2021-06-20T22:33:23
Домодедово,2021-06-23T18:11:00,2021-06-23T20:26:41
Домодедово,2021-06-06T20:29:00,2021-06-06T21:43:46
Аэропорт Сочи,2021-06-16T15:33:00,2021-06-16T18:58:50
Внуково,2021-06-17T09:17:00,2021-06-17T11:23:27
Пулково,2021-06-12T22:12:00,2021-06-13T00:30:27
Пулково,2021-06-27T17:33:00,2021-06-27T19:21:00
Кольцово,2021-06-01T10:21:00,2021-06-01T14:58:50
Домодедово,2021-06-21T09:46:00,2021-06-21T18:52:27
Пулково,2021-06-26T03:12:00,2021-06-26T08:45:13
Пулково,2021-06-27T22:42:00,2021-06-28T03:58:36
Домодедово,2021-06-18T03:04:00,2021-06-18T09:08:36
Домодедово,2021-06-19T19:12:00,2021-06-19T20:26:46
Домодедово,2021-06-05T01:26:00,2021-06-05T03:21:23
Шереметьево,2021-06-24T18:14:00,2021-06-25T03:06:36
Домодедово,2021-06-16T08:06:00,2021-06-16T14:37:23
Пулково,2021-06-17T01:30:00,2021-06-17T07:38:18
Внуково,2021-06-15T15:48:00,2021-06-15T23:09:13
Внуково,2021-06-16T18:41:00,2021-06-16T20:53:55
Домодедово,2021-06-03T01:28:00,2021-06-03T10:20:36
Шереметьево,2021-06-14T23:37:00,2021-06-15T00:20:23
Пулково,2021-06-03T20:17:00,2021-06-03T22:56:41
Пулково,2021-06-26T23:03:00,2021-06-27T04:16:50
Кольцово,2021-06-01T15:55:00,2021-06-01T20:07:00
Домодедово,2021-06-16T20:41:00,2021-06-17T01:44:41
Пулково,2021-06-29T11:22:00,2021-06-29T13:47:50
Пулково,2021-06-04T23:54:00,2021-06-05T00:16:09
Домодедово,2021-06-23T04:50:00,2021-06-23T08:38:00
Шереметьево,2021-06-07T06:20:00,2021-06-07T07:57:50
Домодедово,2021-06-13T10:31:00,2021-06-13T15:18:04
Кольцово,2021-06-25T07:06:00,2021-06-25T14:15:13
Шереметьево,2021-06-19T00:46:00,2021-06-19T09:04:27
Шереметьево,2021-06-27T17:51:00,2021-06-27T23:39:55
Пулково,2021-06-12T00:05:00,2021-06-12T01:09:36
Пулково,2021-06-12T01:49:00,2021-06-12T08:20:23
Домодедово,2021-06-21T12:27:00,2021-06-21T18:03:55
Пулково,2021-06-03T07:03:00,2021-06-03T13:36:13
Домодедово,2021-06-26T03:35:00,2021-06-26T04:23:55
Пулково,2021-06-12T09:34:00,2021-06-12T17:03:32
Шереметьево,2021-06-23T12:20:00,2021-06-23T16:58:46
Пулково,2021-06-10T15:31:00,2021-06-10T22:41:09
Домодедово,2021-06-09T08:06:00,2021-06-09T10:13:23
Пулково,2021-06-10T19:47:00,2021-06-10T20:43:18
Шереметьево,2021-06-10T06:06:00,2021-06-10T10:51:13
Домодедово,2021-06-10T14:57:00,2021-06-10T20:20:04
Внуково,2021-06-17T02:18:00,2021-06-17T03:42:55
Внуково,2021-06-22T02:30:00,2021-06-22T08:19:50
Внуково,2021-06-03T13:38:00,2021-06-03T20:26:55
Домодедово,2021-06-15T09:23:00,2021-06-15T14:57:09
Внуково,2021-06-26T20:23:00,2021-06-27T02:50:41
Пулково,2021-06-05T11:30:00,2021-06-05T11:55:50
Шереметьево,2021-06-23T08:07:00,2021-06-23T17:04:13
Пулково,2021-06-26T00:29:00,2021-06-26T02:35:27
Пулково,2021-06-23T21:08:00,2021-06-23T21:32:00
Аэропорт Сочи,2021-06-07T01:37:00,2021-06-07T10:08:23
Домодедово,2021-06-17T13:52:00,2021-06-17T15:14:09
Домодедово,2021-06-23T19:19:00,2021-06-24T03:31:55
Внуково,2021-06-19T00:28:00,2021-06-19T03:07:41
Пулково,2021-06-26T10:30:00,2021-06-26T16:00:27
Домодедово,2021-06-01T04:19:00,2021-06-01T05:19:55
Внуково,2021-06-05T05:06:00,2021-06-05T11:20:46
Внуково,2021-06-16T21:11:00,2021-06-16T23:21:09
Пулково,2021-06-05T21:26:00,2021-06-05T21:38:00
Внуково,2021-06-06T18:52:00,2021-06-06T20:54:46
Внуково,2021-06-08T04:55:00,2021-06-08T11:40:13
Домодедово,2021-06-25T07:30:00,2021-06-25T13:52:09
Шереметьево,2021-06-20T00:32:00,2021-06-20T01:34:46
Внуково,2021-06-17T19:50:00,2021-06-17T23:28:46
Пулково,2021-06-02T04:15:00,2021-06-02T10:50:04
Аэропорт Сочи,2021-06-20T19:29:00,2021-06-20T23:20:41
Домодедово,2021-06-28T20:18:00,2021-06-28T21:07:50
Пулково,2021-06-25T10:19:00,2021-06-25T14:43:55
Шереметьево,2021-06-11T23:45:00,2021-06-12T01:32:04
Пулково,2021-06-16T00:06:00,2021-06-16T07:42:00
Шереметьево,2021-06-16T03:20:00,2021-06-16T05:02:27
Домодедово,2021-06-22T01:04:00,2021-06-22T08:36:18
Пулково,2021-06-08T15:55:00,2021-06-08T20:41:09
Шереметьево,2021-06-27T05:33:00,2021-06-27T13:53:18
Аэропорт Сочи,2021-06-08T13:28:00,2021-06-08T18:40:55
Внуково,2021-06-29T10:01:00,2021-06-29T13:49:00
Шереметьево,2021-06-01T17:58:00,2021-06-02T01:55:13
Пулково,2021-06-06T00:55:00,2021-06-06T07:05:09
Пулково,2021-06-07T16:06:00,2021-06-07T21:15:13
Шереметьево,2021-06-26T06:11:00,2021-06-26T08:01:46
Внуково,2021-06-22T18:21:00,2021-06-22T18:34:50
Шереметьево,2021-06-05T12:59:00,2021-06-05T13:35:00
Домодедово,2021-06-13T23:40:00,2021-06-14T03:53:50
Внуково,2021-06-16T00:32:00,2021-06-16T07:11:41
Пулково,2021-06-23T00:27:00,2021-06-23T02:13:09
Кольцово,2021-06-03T14:21:00,2021-06-03T22:42:13
Домодедово,2021-06-03T11:56:00,2021-06-03T16:38:27
Пулково,2021-06-25T00:34:00,2021-06-25T07:49:41
Шереметьево,2021-06-03T19:15:00,2021-06-04T02:11:18
Пулково,2021-06-24T21:10:00,2021-06-25T01:42:18
Шереметьево,2021-06-02T05:48:00,2021-06-02T10:16:36
Домодедово,2021-06-19T22:59:00,2021-06-20T07:10:04
Домодедово,2021-06-28T02:20:00,2021-06-28T06:06:09
Домодедово,2021-06-07T14:35:00,2021-06-07T19:59:55
Внуково,2021-06-20T16:03:00,2021-06-20T21:07:36
Домодедово,2021-06-24T07:21:00,2021-06-24T12:19:09
Домодедово,2021-06-16T01:26:00,2021-06-16T10:18:36
Шереметьево,2021-06-03T11:29:00,2021-06-03T16:29:00
Пулково,2021-06-17T02:02:00,2021-06-17T08:10:18
Пулково,2021-06-17T01:01:00,2021-06-17T03:36:04
Шереметьево,2021-06-07T16:39:00,2021-06-07T18:32:32
Внуково,2021-06-17T22:17:00,2021-06-18T01:56:41
Шереметьево,2021-06-25T12:50:00,2021-06-25T14:18:36
Пулково,2021-06-08T20:57:00,2021-06-08T23:26:32
Домодедово,2021-06-09T06:40:00,2021-06-09T13:20:36
Внуково,2021-06-04T01:56:00,2021-06-04T03:18:09
Аэропорт Сочи,2021-06-07T00:26:00,2021-06-07T06:02:00
Шереметьево,2021-06-23T00:31:00,2021-06-23T03:55:55
Пулково,2021-06-25T06:50:00,2021-06-25T13:50:00
Домодедово,2021-06-22T01:12:00,2021-06-22T09:58:09
Домодедово,2021-06-09T17:58:00,2021-06-10T00:30:18
Пулково,2021-06-27T18:50:00,2021-06-27T23:36:09
Домодедово,2021-06-11T07:40:00,2021-06-11T13:04:55
Домодедово,2021-06-16T02:56:00,2021-06-16T03:03:23
Пулково,2021-06-26T22:19:00,2021-06-27T04:47:36
Шереметьево,2021-06-27T22:26:00,2021-06-28T02:59:13
Шереметьево,2021-06-16T17:12:00,2021-06-16T23:46:09
Пулково,2021-06-02T23:41:00,2021-06-03T05:17:55
Пулково,2021-06-14T04:48:00,2021-06-14T08:49:50
Шереметьево,2021-06-03T10:00:00,2021-06-03T10:09:13
Пулково,2021-06-03T00:30:00,2021-06-03T09:00:27
Домодедово,2021-06-28T13:12:00,2021-06-28T15:19:23
Пулково,2021-06-10T11:19:00,2021-06-10T12:09:46
Кольцово,2021-06-17T05:18:00,2021-06-17T08:02:18
Домодедово,2021-06-01T02:55:00,2021-06-01T05:25:27
Домодедово,2021-06-07T23:08:00,2021-06-08T00:41:13
Пулково,2021-06-28T12:44:00,2021-06-28T20:36:36
Пулково,2021-06-18T01:00:00,2021-06-18T07:31:23
Шереметьево,2021-06-09T16:55:00,2021-06-09T21:39:18
Шереметьево,2021-06-18T18:00:00,2021-06-18T18:58:09
Домодедово,2021-06-09T04:46:00,2021-06-09T13:35:50
Пулково,2021-06-18T17:15:00,2021-06-18T18:17:46
Кольцово,2021-06-21T12:06:00,2021-06-21T17:55:50
Пулково,2021-06-09T21:11:00,2021-06-10T06:11:55
Домодедово,2021-06-07T06:06:00,2021-06-07T12:34:36
Домодедово,2021-06-23T08:16:00,2021-06-23T10:09:32
Пулково,2021-06-01T20:40:00,2021-06-01T21:26:09
Шереметьево,2021-06-05T18:58:00,2021-06-05T21:22:55
Кольцово,2021-06-28T06:09:00,2021-06-28T09:56:04
Аэропорт Сочи,2021-06-08T23:02:00,2021-06-09T03:21:23
Домодедово,2021-06-19T05:23:00,2021-06-19T11:35:00
Внуково,2021-06-20T04:56:00,2021-06-20T10:01:32
Внуково,2021-06-23T08:20:00,2021-06-23T15:41:13
Домодедово,2021-06-14T01:36:00,2021-06-14T10:48:00
Внуково,2021-06-15T14:09:00,2021-06-15T22:09:00
Домодедово,2021-06-11T05:22:00,2021-06-11T09:21:04
Аэропорт Сочи,2021-06-27T18:45:00,2021-06-28T02:41:18
Пулково,2021-06-30T02:37:00,2021-06-30T11:46:13
Пулково,2021-06-11T21:03:00,2021-06-12T05:11:18
Пулково,2021-06-02T00:12:00,2021-06-02T01:22:09
Домодедово,2021-06-07T03:48:00,2021-06-07T08:14:46
Внуково,2021-06-24T02:09:00,2021-06-24T08:09:00
Шереметьево,2021-06-24T17:34:00,2021-06-24T20:20:09
Шереметьево,2021-06-12T03:41:00,2021-06-12T05:42:50
Шереметьево,2021-06-09T11:36:00,2021-06-09T14:26:46
Домодедово,2021-06-30T08:07:00,2021-06-30T08:50:23
Кольцово,2021-06-25T05:04:00,2021-06-25T09:01:13
Домодедово,2021-06-23T20:56:00,2021-06-24T03:23:41
Внуково,2021-06-29T02:34:00,2021-06-29T10:06:18
Пулково,2021-06-24T06:38:00,2021-06-24T12:47:13
Шереметьево,2021-06-14T14:54:00,2021-06-14T18:49:23
Аэропорт Сочи,2021-06-27T09:27:00,2021-06-27T14:26:04
Домодедово,2021-06-27T09:42:00,2021-06-27T18:17:04
Внуково,2021-06-08T09:38:00,2021-06-08T17:04:46
Пулково,2021-06-14T09:48:00,2021-06-14T14:36:00
Домодедово,2021-06-22T23:22:00,2021-06-22T23:55:13
Кольцово,2021-06-13T00:37:00,2021-06-13T00:51:46
Домодедово,2021-06-13T13:28:00,2021-06-13T14:37:13
Аэропорт Сочи,2021-06-16T09:34:00,2021-06-16T09:48:46
Домодедово,2021-06-20T13:12:00,2021-06-20T18:55:23
Домодедово,2021-06-18T01:15:00,2021-06-18T01:39:00
Домодедово,2021-06-13T17:24:00,2021-06-14T01:08:18
Домодедово,2021-06-24T15:41:00,2021-06-24T21:54:50
Домодедово,2021-06-25T13:02:00,2021-06-25T19:02:55
Пулково,2021-06-27T07:00:00,2021-06-27T15:44:18
Домодедово,2021-06-30T06:51:00,2021-06-30T11:56:32
Внуково,2021-06-04T02:10:00,2021-06-04T09:27:32
Домодедово,2021-06-30T03:52:00,2021-06-30T11:25:13
Шереметьево,2021-06-25T11:06:00,2021-06-25T11:51:13
Шереметьево,2021-06-26T06:11:00,2021-06-26T11:56:13
Шереметьево,2021-06-09T06:18:00,2021-06-09T14:38:18
Пулково,2021-06-06T18:38:00,2021-06-06T20:48:09
Кольцово,2021-06-09T14:43:00,2021-06-09T23:38:23
Шереметьево,2021-06-27T22:23:00,2021-06-28T02:56:13
Кольцово,2021-06-18T21:23:00,2021-06-19T06:35:55
Шереметьево,2021-06-20T21:49:00,2021-06-21T05:57:18
Пулково,2021-06-13T16:10:00,2021-06-13T22:34:55
Пулково,2021-06-14T00:17:00,2021-06-14T03:50:13
Домодедово,2021-06-17T14:44:00,2021-06-17T15:47:41
Домодедово,2021-06-05T01:52:00,2021-06-05T03:24:18
Пулково,2021-06-20T09:54:00,2021-06-20T19:06:00
Шереметьево,2021-06-18T08:07:00,2021-06-18T16:00:32
Домодедово,2021-06-08T16:00:00,2021-06-08T23:24:55
Шереметьево,2021-06-16T23:10:00,2021-06-17T05:16:27
Домодедово,2021-06-24T11:54:00,2021-06-24T14:53:04
Пулково,2021-06-29T21:44:00,2021-06-30T02:48:36
Пулково,2021-06-19T03:17:00,2021-06-19T06:05:00
Кольцово,2021-06-02T00:06:00,2021-06-02T00:50:18
Домодедово,2021-06-21T08:41:00,2021-06-21T09:14:13
Шереметьево,2021-06-26T08:31:00,2021-06-26T08:35:36
Кольцово,2021-06-30T09:53:00,2021-06-30T15:24:23
Пулково,2021-06-30T16:25:00,2021-06-30T21:57:18
Шереметьево,2021-06-18T12:49:00,2021-06-18T20:36:04
Внуково,2021-06-06T04:03:00,2021-06-06T11:51:55
Шереметьево,2021-06-14T08:38:00,2021-06-14T16:18:36
Домодедово,2021-06-15T16:27:00,2021-06-16T00:03:55
Аэропорт Сочи,2021-06-30T04:54:00,2021-06-30T06:30:00
Пулково,2021-06-21T06:11:00,2021-06-21T13:32:13
Аэропорт Сочи,2021-06-28T22:06:00,2021-06-29T05:07:50
Шереметьево,2021-06-06T02:13:00,2021-06-06T08:23:09
Шереметьево,2021-06-15T20:04:00,2021-06-15T20:43:41
Кольцово,2021-06-23T09:11:00,2021-06-23T10:39:36
Внуково,2021-06-25T08:23:00,2021-06-25T13:37:46
Пулково,2021-06-03T14:54:00,2021-06-03T16:34:36
Шереметьево,2021-06-18T05:54:00,2021-06-18T06:54:55
Домодедово,2021-06-23T18:37:00,2021-06-23T20:26:50
Внуково,2021-06-03T00:43:00,2021-06-03T06:44:50
Внуково,2021-06-16T22:05:00,2021-06-16T23:45:36
Пулково,2021-06-12T07:06:00,2021-06-12T15:17:04
Домодедово,2021-06-10T19:16:00,2021-06-10T22:35:23
Пулково,2021-06-24T06:08:00,2021-06-24T15:19:04
Пулково,2021-06-23T15:30:00,2021-06-23T21:22:36
Пулково,2021-06-15T05:11:00,2021-06-15T13:35:00
Внуково,2021-06-24T03:35:00,2021-06-24T12:21:09
Аэропорт Сочи,2021-06-27T00:27:00,2021-06-27T01:48:13
Пулково,2021-06-27T16:35:00,2021-06-27T18:07:18
Шереметьево,2021-06-07T14:54:00,2021-06-07T22:48:27
Пулково,2021-06-29T13:16:00,2021-06-29T16:15:04
Внуково,2021-06-10T22:17:00,2021-06-11T05:14:13
Домодедово,2021-06-12T21:51:00,2021-06-12T22:27:55
Пулково,2021-06-25T01:25:00,2021-06-25T04:49:00
Пулково,2021-06-06T06:12:00,2021-06-06T07:24:55
Домодедово,2021-06-20T07:18:00,2021-06-20T10:19:50
Шереметьево,2021-06-16T16:54:00,2021-06-16T19:15:13
Пулково,2021-06-15T00:03:00,2021-06-15T04:42:41
Домодедово,2021-06-17T14:29:00,2021-06-17T18:12:23
Шереметьево,2021-06-23T05:33:00,2021-06-23T09:13:36
Пулково,2021-06-25T12:21:00,2021-06-25T14:14:32
Шереметьево,2021-06-03T00:56:00,2021-06-03T02:10:46
Домодедово,2021-06-16T16:24:00,2021-06-16T18:49:50
Кольцово,2021-06-16T04:05:00,2021-06-16T12:52:04
Пулково,2021-06-24T06:00:00,2021-06-24T15:13:50
Внуково,2021-06-04T00:37:00,2021-06-04T05:59:09
Домодедово,2021-06-17T06:46:00,2021-06-17T08:50:36
Пулково,2021-06-08T14:40:00,2021-06-08T16:48:18
Пулково,2021-06-08T22:03:00,2021-06-08T23:05:46
Домодедово,2021-06-07T20:00:00,2021-06-07T20:16:36
Пулково,2021-06-05T07:15:00,2021-06-05T12:05:46
Шереметьево,2021-06-11T07:16:00,2021-06-11T14:26:09
Внуково,2021-06-29T14:41:00,2021-06-29T16:58:32
Пулково,2021-06-25T00:19:00,2021-06-25T00:46:41
Пулково,2021-06-14T02:07:00,2021-06-14T03:21:46
Пулково,2021-06-01T23:33:00,2021-06-02T03:32:04
Пулково,2021-06-07T02:57:00,2021-06-07T03:21:00
Пулково,2021-06-27T18:48:00,2021-06-27T19:21:13
Домодедово,2021-06-24T00:37:00,2021-06-24T01:25:00
Домодедово,2021-06-29T08:34:00,2021-06-29T12:41:23
Пулково,2021-06-21T02:24:00,2021-06-21T06:02:46
Внуково,2021-06-30T07:44:00,2021-06-30T14:37:32
Пулково,2021-06-13T09:58:00,2021-06-13T15:32:09
Аэропорт Сочи,2021-06-09T20:46:00,2021-06-09T21:25:41
Кольцово,2021-06-14T08:33:00,2021-06-14T15:52:23
Кольцово,2021-06-24T09:57:00,2021-06-24T10:04:23
Домодедово,2021-06-08T09:47:00,2021-06-08T13:18:23
Кольцово,2021-06-15T00:51:00,2021-06-15T03:59:18
Домодедово,2021-06-14T01:45:00,2021-06-14T09:01:36
Пулково,2021-06-27T02:29:00,2021-06-27T11:05:55
Домодедово,2021-06-03T10:46:00,2021-06-03T18:50:36
Шереметьево,2021-06-04T17:41:00,2021-06-04T17:58:32
Шереметьево,2021-06-04T00:17:00,2021-06-04T05:13:18
Внуково,2021-06-29T09:31:00,2021-06-29T10:13:27
Домодедово,2021-06-19T14:46:00,2021-06-19T19:50:36
Шереметьево,2021-06-20T20:17:00,2021-06-20T23:27:09
Домодедово,2021-06-19T10:35:00,2021-06-19T14:57:09
Внуково,2021-06-29T15:16:00,2021-06-29T15:50:09
Шереметьево,2021-06-17T00:54:00,2021-06-17T07:33:41
Шереметьево,2021-06-17T00:26:00,2021-06-17T04:36:09
Домодедово,2021-06-01T05:27:00,2021-06-01T13:55:36
Домодедово,2021-06-26T15:27:00,2021-06-26T20:49:09
Внуково,2021-06-14T21:36:00,2021-06-15T00:51:41
Шереметьево,2021-06-15T15:30:00,2021-06-15T22:44:46
Шереметьево,2021-06-20T08:25:00,2021-06-20T15:58:13
Пулково,2021-06-18T14:55:00,2021-06-18T20:37:27
Кольцово,2021-06-26T10:29:00,2021-06-26T15:23:27
Пулково,2021-06-09T14:40:00,2021-06-09T14:55:41
Пулково,2021-06-07T15:09:00,2021-06-07T23:38:32
Шереметьево,2021-06-06T10:50:00,2021-06-06T10:56:27
Пулково,2021-06-09T00:19:00,2021-06-09T00:28:13
Внуково,2021-06-23T11:34:00,2021-06-23T13:14:36
Внуково,2021-06-06T01:18:00,2021-06-06T02:22:36
Пулково,2021-06-12T10:55:00,2021-06-12T19:46:41
Домодедово,2021-06-16T14:05:00,2021-06-16T20:59:27
Пулково,2021-06-23T02:07:00,2021-06-23T09:51:18
Шереметьево,2021-06-15T14:40:00,2021-06-15T16:26:09
Кольцово,2021-06-28T01:40:00,2021-06-28T05:13:13
Домодедово,2021-06-03T22:28:00,2021-06-04T00:00:18
Шереметьево,2021-06-13T19:31:00,2021-06-14T03:39:18
Домодедово,2021-06-02T14:25:00,2021-06-02T15:26:50
Аэропорт Сочи,2021-06-04T06:51:00,2021-06-04T07:43:36
Домодедово,2021-06-29T00:10:00,2021-06-29T00:46:55
Шереметьево,2021-06-26T14:01:00,2021-06-26T14:59:09
Кольцово,2021-06-10T16:41:00,2021-06-10T18:06:50
Шереметьево,2021-06-21T01:26:00,2021-06-21T09:14:00
Шереметьево,2021-06-13T09:34:00,2021-06-13T10:06:18
Шереметьево,2021-06-17T06:39:00,2021-06-17T07:16:50
Пулково,2021-06-04T20:15:00,2021-06-05T05:20:32
Домодедово,2021-06-30T08:04:00,2021-06-30T08:19:41
Шереметьево,2021-06-03T06:10:00,2021-06-03T11:59:50
Домодедово,2021-06-17T04:34:00,2021-06-17T11:29:23
Домодедово,2021-06-05T17:10:00,2021-06-06T02:22:00
Внуково,2021-06-07T01:38:00,2021-06-07T09:51:50
Шереметьево,2021-06-06T16:55:00,2021-06-06T22:36:32
Пулково,2021-06-07T00:29:00,2021-06-07T05:10:32
Кольцово,2021-06-30T06:57:00,2021-06-30T11:34:50
Домодедово,2021-06-01T11:51:00,2021-06-01T14:15:00
Пулково,2021-06-03T09:10:00,2021-06-03T10:52:27
Домодедово,2021-06-09T06:57:00,2021-06-09T09:06:13
Домодедово,2021-06-12T20:49:00,2021-06-12T22:35:09
Шереметьево,2021-06-26T07:49:00,2021-06-26T14:01:55
Домодедово,2021-06-06T22:00:00,2021-06-07T04:11:04
Шереметьево,2021-06-15T00:51:00,2021-06-15T09:08:32
Аэропорт Сочи,2021-06-22T08:15:00,2021-06-22T13:52:50
Внуково,2021-06-25T17:59:00,2021-06-25T18:37:46
Домодедово,2021-06-13T07:47:00,2021-06-13T14:14:41
Пулково,2021-06-03T22:03:00,2021-06-04T02:29:46
Кольцово,2021-06-07T00:16:00,2021-06-07T09:17:50
Пулково,2021-06-14T06:51:00,2021-06-14T13:24:13
Пулково,2021-06-02T22:07:00,2021-06-03T03:24:32
Шереметьево,2021-06-23T15:12:00,2021-06-23T16:34:09
Кольцово,2021-06-24T07:06:00,2021-06-24T13:20:46
Пулково,2021-06-28T03:17:00,2021-06-28T04:12:23
Домодедово,2021-06-06T16:04:00,2021-06-07T01:10:27
Пулково,2021-06-11T05:36:00,2021-06-11T11:51:41
Шереметьево,2021-06-09T16:44:00,2021-06-09T23:32:55
Домодедово,2021-06-21T19:51:00,2021-06-22T04:15:00
Пулково,2021-06-20T16:30:00,2021-06-20T17:30:00
Кольцово,2021-06-06T09:32:00,2021-06-06T16:03:23
Пулково,2021-06-16T20:17:00,2021-06-16T23:09:36
Кольцово,2021-06-04T08:08:00,2021-06-04T10:10:46
Пулково,2021-06-02T18:53:00,2021-06-02T19:57:36
Пулково,2021-06-07T19:07:00,2021-06-08T00:13:27
Пулково,2021-06-21T19:37:00,2021-06-21T23:09:18
Внуково,2021-06-28T16:46:00,2021-06-28T16:59:50
Пулково,2021-06-23T11:25:00,2021-06-23T16:12:04
Пулково,2021-06-14T20:15:00,2021-06-15T02:27:55
Аэропорт Сочи,2021-06-16T13:06:00,2021-06-16T21:19:50
Пулково,2021-06-23T12:50:00,2021-06-23T15:56:27
Шереметьево,2021-06-29T04:55:00,2021-06-29T12:49:27
Кольцово,2021-06-19T06:21:00,2021-06-19T10:05:18
Аэропорт Сочи,2021-06-26T04:37:00,2021-06-26T11:06:32
Пулково,2021-06-05T19:29:00,2021-06-05T19:33:36
Домодедово,2021-06-24T09:22:00,2021-06-24T11:09:04
Внуково,2021-06-25T16:41:00,2021-06-25T17:39:09
Пулково,2021-06-22T14:39:00,2021-06-22T22:12:13
Шереметьево,2021-06-21T01:11:00,2021-06-21T01:23:00
Пулково,2021-06-11T21:45:00,2021-06-11T21:57:00
Внуково,2021-06-24T00:32:00,2021-06-24T01:32:55
Шереметьево,2021-06-03T20:23:00,2021-06-03T22:23:00
Пулково,2021-06-26T05:22:00,2021-06-26T11:53:23
Домодедово,2021-06-09T00:55:00,2021-06-09T04:20:50
Домодедово,2021-06-17T16:24:00,2021-06-17T19:24:00
Домодедово,2021-06-03T06:16:00,2021-06-03T08:31:41
Пулково,2021-06-27T15:27:00,2021-06-27T15:57:27
Шереметьево,2021-06-04T09:05:00,2021-06-04T16:44:41
Шереметьево,2021-06-16T11:14:00,2021-06-16T17:15:50
Шереметьево,2021-06-27T19:31:00,2021-06-27T22:06:04
Шереметьево,2021-06-24T11:45:00,2021-06-24T17:37:36
Пулково,2021-06-16T01:28:00,2021-06-16T07:57:32
Домодедово,2021-06-01T15:58:00,2021-06-01T21:15:32
Домодедово,2021-06-08T02:56:00,2021-06-08T10:42:09
Домодедово,2021-06-10T03:34:00,2021-06-10T06:59:50
Пулково,2021-06-30T18:49:00,2021-07-01T00:54:32
Домодедово,2021-06-11T14:58:00,2021-06-11T20:54:18
Домодедово,2021-06-12T15:25:00,2021-06-12T17:22:13
Домодедово,2021-06-28T01:16:00,2021-06-28T10:04:00
Домодедово,2021-06-18T00:12:00,2021-06-18T01:35:04
Шереметьево,2021-06-05T01:02:00,2021-06-05T09:26:00
Домодедово,2021-06-11T14:48:00,2021-06-11T15:04:36
Шереметьево,2021-06-28T11:31:00,2021-06-28T13:52:13
Шереметьево,2021-06-24T15:20:00,2021-06-24T16:26:27
Аэропорт Сочи,2021-06-30T19:10:00,2021-06-30T22:24:46
Домодедово,2021-06-11T23:11:00,2021-06-12T01:27:36
Пулково,2021-06-27T00:55:00,2021-06-27T08:52:13
Внуково,2021-06-12T23:08:00,2021-06-12T23:46:46
Шереметьево,2021-06-04T00:44:00,2021-06-04T04:20:55
Кольцово,2021-06-08T16:41:00,2021-06-08T23:53:55
Пулково,2021-06-13T02:20:00,2021-06-13T09:36:36
Домодедово,2021-06-20T18:47:00,2021-06-21T03:21:09
Аэропорт Сочи,2021-06-10T07:38:00,2021-06-10T15:37:04
Домодедово,2021-06-28T07:22:00,2021-06-28T12:11:50
Пулково,2021-06-10T14:32:00,2021-06-10T21:25:32
Домодедово,2021-06-05T23:35:00,2021-06-06T03:31:18
Кольцово,2021-06-22T21:33:00,2021-06-23T03:52:23
Домодедово,2021-06-21T07:49:00,2021-06-21T15:14:50
Пулково,2021-06-07T00:18:00,2021-06-07T00:57:41
Домодедово,2021-06-22T18:02:00,2021-06-22T20:21:23
Аэропорт Сочи,2021-06-01T12:09:00,2021-06-01T17:18:13
Аэропорт Сочи,2021-06-19T23:15:00,2021-06-20T02:27:55
Пулково,2021-06-13T05:23:00,2021-06-13T07:12:50
Домодедово,2021-06-15T15:40:00,2021-06-15T18:54:46
Шереметьево,2021-06-29T01:50:00,2021-06-29T06:49:04
Пулково,2021-06-17T10:53:00,2021-06-17T12:02:13
Шереметьево,2021-06-19T11:06:00,2021-06-19T17:16:09
Шереметьево,2021-06-20T07:47:00,2021-06-20T14:41:27
Шереметьево,2021-06-18T12:34:00,2021-06-18T16:32:09
Пулково,2021-06-25T14:16:00,2021-06-25T17:28:55
Внуково,2021-06-04T06:20:00,2021-06-04T13:29:13
Пулково,2021-06-13T23:46:00,2021-06-14T04:22:00
Внуково,2021-06-22T10:49:00,2021-06-22T12:44:23
Кольцово,2021-06-28T13:11:00,2021-06-28T16:39:36
Домодедово,2021-06-16T11:50:00,2021-06-16T13:33:23
Шереметьево,2021-06-11T02:11:00,2021-06-11T07:35:00
Шереметьево,2021-06-23T06:28:00,2021-06-23T07:10:27
Внуково,2021-06-30T01:15:00,2021-06-30T08:54:41
Домодедово,2021-06-30T22:23:00,2021-06-30T23:26:41
Шереметьево,2021-06-20T06:10:00,2021-06-20T06:47:50
Кольцово,2021-06-13T01:37:00,2021-06-13T09:51:46
Пулково,2021-06-28T09:34:00,2021-06-28T11:19:13
Домодедово,2021-06-16T23:20:00,2021-06-17T04:48:36
Домодедово,2021-06-07T03:23:00,2021-06-07T11:23:55
Домодедово,2021-06-04T06:31:00,2021-06-04T06:40:13
Пулково,2021-06-30T18:08:00,2021-06-30T18:23:41
Шереметьево,2021-06-17T05:13:00,2021-06-17T11:08:23
Пулково,2021-06-22T07:45:00,2021-06-22T12:28:23
Пулково,2021-06-08T13:46:00,2021-06-08T15:59:50
Домодедово,2021-06-20T16:37:00,2021-06-20T20:35:09
Внуково,2021-06-03T18:30:00,2021-06-04T00:04:09
Пулково,2021-06-18T07:33:00,2021-06-18T13:09:00
Пулково,2021-06-21T10:37:00,2021-06-21T12:28:41
Кольцово,2021-06-13T05:51:00,2021-06-13T11:07:36
Шереметьево,2021-06-23T20:53:00,2021-06-24T04:52:04
Внуково,2021-06-26T02:11:00,2021-06-26T03:16:32
Внуково,2021-06-04T20:59:00,2021-06-05T01:18:23
Домодедово,2021-06-14T23:49:00,2021-06-15T08:43:27
Домодедово,2021-06-24T19:19:00,2021-06-24T23:30:04
Внуково,2021-06-28T04:07:00,2021-06-28T11:12:32
Шереметьево,2021-06-01T17:06:00,2021-06-01T22:25:23
Домодедово,2021-06-14T22:31:00,2021-06-15T02:00:32
Внуково,2021-06-25T02:56:00,2021-06-25T07:37:32
Домодедово,2021-06-10T19:04:00,2021-06-10T23:41:50
Пулково,2021-06-12T22:02:00,2021-06-13T04:45:23
Внуково,2021-06-17T03:20:00,2021-06-17T10:00:36
Шереметьево,2021-06-17T00:16:00,2021-06-17T05:52:00
Домодедово,2021-06-13T10:58:00,2021-06-13T16:05:23
Пулково,2021-06-20T08:32:00,2021-06-20T12:49:32
Пулково,2021-06-09T03:11:00,2021-06-09T05:48:50
Пулково,2021-06-26T23:23:00,2021-06-27T02:07:18
Домодедово,2021-06-11T17:42:00,2021-06-11T22:30:55
Домодедово,2021-06-16T04:28:00,2021-06-16T05:11:23
Домодедово,2021-06-19T18:21:00,2021-06-19T22:46:50
Кольцово,2021-06-02T19:06:00,2021-06-03T02:07:50
Домодедово,2021-06-26T10:24:00,2021-06-26T14:30:27
Кольцово,2021-06-19T09:14:00,2021-06-19T09:39:50
Пулково,2021-06-16T13:32:00,2021-06-16T14:28:18
Пулково,2021-06-29T17:14:00,2021-06-29T23:24:09
Домодедово,2021-06-10T15:48:00,2021-06-10T18:11:04
Домодедово,2021-06-12T01:34:00,2021-06-12T09:07:13
Шереметьево,2021-06-06T23:20:00,2021-06-07T07:28:18
Внуково,2021-06-18T08:50:00,2021-06-18T14:55:32
Шереметьево,2021-06-10T19:12:00,2021-06-11T00:02:46
Шереметьево,2021-06-21T18:18:00,2021-06-22T03:18:00
Аэропорт Сочи,2021-06-22T05:34:00,2021-06-22T10:13:41
Шереметьево,2021-06-16T11:18:00,2021-06-16T12:30:55
Пулково,2021-06-05T08:10:00,2021-06-05T14:00:46
Шереметьево,2021-06-02T22:28:00,2021-06-03T07:14:09
Шереметьево,2021-06-27T00:38:00,2021-06-27T03:07:32
Шереметьево,2021-06-06T00:43:00,2021-06-06T02:33:46
Шереметьево,2021-06-26T21:38:00,2021-06-27T06:41:41
Внуково,2021-06-29T10:05:00,2021-06-29T13:10:32
Пулково,2021-06-19T14:05:00,2021-06-19T23:05:55
Пулково,2021-06-10T17:48:00,2021-06-10T22:57:13
Внуково,2021-06-20T15:17:00,2021-06-20T20:42:50
Кольцово,2021-06-09T19:23:00,2021-06-09T20:27:36
Пулково,2021-06-27T01:53:00,2021-06-27T07:07:46
Внуково,2021-06-09T10:55:00,2021-06-09T18:28:13
Пулково,2021-06-16T05:47:00,2021-06-16T09:37:46
Домодедово,2021-06-17T03:26:00,2021-06-17T06:18:36
Домодедово,2021-06-10T19:33:00,2021-06-11T01:23:46
Домодедово,2021-06-25T19:59:00,2021-06-25T20:58:04
Шереметьево,2021-06-30T09:10:00,2021-06-30T16:53:23
Пулково,2021-06-20T22:08:00,2021-06-21T02:42:09
Шереметьево,2021-06-02T13:53:00,2021-06-02T17:14:13
Кольцово,2021-06-08T05:30:00,2021-06-08T11:31:50
Пулково,2021-06-14T22:15:00,2021-06-15T01:39:55
Пулково,2021-06-20T15:51:00,2021-06-20T21:21:27
Кольцово,2021-06-06T00:57:00,2021-06-06T04:10:50
Внуково,2021-06-11T20:45:00,2021-06-12T02:16:23
Пулково,2021-06-12T03:45:00,2021-06-12T06:11:46
Пулково,2021-06-18T21:36:00,2021-06-18T22:43:23
Шереметьево,2021-06-25T23:53:00,2021-06-26T03:05:55
Домодедово,2021-06-04T09:55:00,2021-06-04T15:10:41
Шереметьево,2021-06-04T09:46:00,2021-06-04T17:59:50
Шереметьево,2021-06-02T10:02:00,2021-06-02T10:57:23
Шереметьево,2021-06-20T09:39:00,2021-06-20T15:12:13
Кольцово,2021-06-06T12:56:00,2021-06-06T16:11:41
Домодедово,2021-06-15T00:04:00,2021-06-15T06:41:50
Кольцово,2021-06-01T18:55:00,2021-06-01T22:34:41
Домодедово,2021-06-11T08:47:00,2021-06-11T12:11:55
Пулково,2021-06-27T20:40:00,2021-06-28T04:16:00
Домодедово,2021-06-25T09:37:00,2021-06-25T09:43:27
Пулково,2021-06-24T20:24:00,2021-06-24T23:19:23
Домодедово,2021-06-13T00:37:00,2021-06-13T09:44:23
Внуково,2021-06-20T22:28:00,2021-06-21T02:36:18
Домодедово,2021-06-27T15:49:00,2021-06-27T21:34:13
Шереметьево,2021-06-15T01:13:00,2021-06-15T08:22:13
Шереметьево,2021-06-06T09:10:00,2021-06-06T10:22:55
Аэропорт Сочи,2021-06-16T10:03:00,2021-06-16T12:06:41
Домодедово,2021-06-22T00:28:00,2021-06-22T08:20:36
Пулково,2021-06-27T15:58:00,2021-06-27T22:38:36
Домодедово,2021-06-26T15:51:00,2021-06-26T21:53:46
Домодедово,2021-06-20T23:01:00,2021-06-21T01:14:50
Пулково,2021-06-27T02:52:00,2021-06-27T09:10:27
Внуково,2021-06-13T08:01:00,2021-06-13T11:50:50
Пулково,2021-06-14T02:40:00,2021-06-14T03:16:55
Кольцово,2021-06-21T23:10:00,2021-06-22T00:31:13
Пулково,2021-06-13T15:44:00,2021-06-13T21:44:55
Аэропорт Сочи,2021-06-27T15:32:00,2021-06-27T19:42:09
Пулково,2021-06-25T00:14:00,2021-06-25T02:05:41
Домодедово,2021-07-01T00:15:00,2021-07-01T03:24:13
Кольцово,2021-06-05T05:13:00,2021-06-05T08:52:41
Шереметьево,2021-06-16T07:24:00,2021-06-16T08:31:23
Кольцово,2021-06-10T13:09:00,2021-06-10T18:11:46
Домодедово,2021-06-24T14:50:00,2021-06-24T21:19:32
Внуково,2021-06-28T10:03:00,2021-06-28T15:46:23
Домодедово,2021-06-03T14:14:00,2021-06-03T21:26:00
Внуково,2021-06-16T22:43:00,2021-06-17T01:32:50
Кольцово,2021-06-06T12:35:00,2021-06-06T13:05:27
Пулково,2021-06-01T23:16:00,2021-06-01T23:38:09
Внуково,2021-06-14T16:22:00,2021-06-14T17:10:00
Домодедово,2021-06-12T17:05:00,2021-06-12T19:01:18
Шереметьево,2021-06-28T14:41:00,2021-06-28T22:30:50
Пулково,2021-06-12T06:04:00,2021-06-12T14:04:55
Пулково,2021-06-29T01:17:00,2021-06-29T05:16:04
Домодедово,2021-06-12T10:05:00,2021-06-12T11:16:04
Внуково,2021-06-24T10:19:00,2021-06-24T12:18:04
Пулково,2021-06-05T22:40:00,2021-06-05T23:29:50
Шереметьево,2021-06-15T06:07:00,2021-06-15T14:04:13
Пулково,2021-06-10T22:00:00,2021-06-11T05:23:04
Аэропорт Сочи,2021-06-13T09:23:00,2021-06-13T15:33:09
Аэропорт Сочи,2021-06-29T22:32:00,2021-06-30T06:52:18
Пулково,2021-06-14T04:14:00,2021-06-14T06:09:23
Домодедово,2021-06-27T03:03:00,2021-06-27T07:00:13
Пулково,2021-06-14T09:07:00,2021-06-14T10:01:27
Кольцово,2021-06-17T00:56:00,2021-06-17T03:59:41
Внуково,2021-06-18T16:56:00,2021-06-18T20:05:13
Домодедово,2021-06-23T23:55:00,2021-06-23T23:59:36
Внуково,2021-06-04T17:31:00,2021-06-04T21:41:09
Шереметьево,2021-06-01T11:43:00,2021-06-01T19:38:23
Кольцово,2021-06-01T19:51:00,2021-06-01T21:44:32
Кольцово,2021-06-11T20:41:00,2021-06-11T20:57:36
Аэропорт Сочи,2021-06-03T09:39:00,2021-06-03T18:50:04
Пулково,2021-06-18T00:47:00,2021-06-18T07:53:27
Шереметьево,2021-06-06T07:00:00,2021-06-06T15:10:09
Домодедово,2021-06-10T00:46:00,2021-06-10T06:17:23
Пулково,2021-06-18T00:25:00,2021-06-18T03:01:00
Шереметьево,2021-06-07T07:39:00,2021-06-07T16:45:27
Пулково,2021-06-01T10:40:00,2021-06-01T13:07:41
Шереметьево,2021-06-02T11:46:00,2021-06-02T14:36:46
Кольцово,2021-06-17T00:47:00,2021-06-17T01:35:55
Пулково,2021-06-30T22:58:00,2021-07-01T07:48:46
Домодедово,2021-06-01T07:31:00,2021-06-01T16:31:55
Пулково,2021-06-01T14:40:00,2021-06-01T15:28:00
Пулково,2021-06-30T03:32:00,2021-06-30T07:47:41
Кольцово,2021-06-11T17:04:00,2021-06-11T23:23:23
Шереметьево,2021-06-28T13:45:00,2021-06-28T21:02:32
Пулково,2021-06-10T21:59:00,2021-06-10T23:02:41
Пулково,2021-06-27T00:59:00,2021-06-27T08:39:36
Кольцово,2021-06-04T13:07:00,2021-06-04T13:31:00
Пулково,2021-06-27T10:33:00,2021-06-27T16:50:32
Пулково,2021-06-30T02:34:00,2021-06-30T09:27:32
Домодедово,2021-06-08T23:45:00,2021-06-09T01:55:09
Внуково,2021-06-13T21:45:00,2021-06-14T04:03:27
Пулково,2021-06-14T19:21:00,2021-06-14T22:53:18
Домодедово,2021-06-08T01:30:00,2021-06-08T09:14:18
Внуково,2021-06-20T22:49:00,2021-06-20T22:55:27
Пулково,2021-06-30T08:10:00,2021-06-30T15:49:41
Домодедово,2021-06-28T13:41:00,2021-06-28T18:59:27
Пулково,2021-06-29T00:49:00,2021-06-29T09:15:46
Домодедово,2021-06-21T00:08:00,2021-06-21T01:02:27
Пулково,2021-06-17T06:14:00,2021-06-17T11:56:27
Шереметьево,2021-06-08T18:20:00,2021-06-09T02:16:18
Домодедово,2021-06-08T15:48:00,2021-06-08T21:15:41
Домодедово,2021-06-08T10:15:00,2021-06-08T13:13:09
Пулково,2021-06-11T00:56:00,2021-06-11T03:32:00
Шереметьево,2021-06-14T20:12:00,2021-06-14T20:19:23
Шереметьево,2021-06-07T13:21:00,2021-06-07T19:33:55
Шереметьево,2021-06-15T23:25:00,2021-06-16T07:01:00
Пулково,2021-06-16T23:34:00,2021-06-17T05:14:36
Внуково,2021-06-18T15:01:00,2021-06-18T21:12:04
Пулково,2021-06-15T21:28:00,2021-06-15T23:12:18
Шереметьево,2021-06-23T15:55:00,2021-06-23T22:53:09
Внуково,2021-06-26T10:12:00,2021-06-26T11:28:36
Домодедово,2021-06-28T00:45:00,2021-06-28T01:09:00
Шереметьево,2021-06-16T08:50:00,2021-06-16T13:12:09
Внуково,2021-06-11T08:49:00,2021-06-11T15:06:32
Пулково,2021-06-28T09:45:00,2021-06-28T17:15:27
Домодедово,2021-06-11T19:00:00,2021-06-11T23:10:09
Внуково,2021-06-12T04:05:00,2021-06-12T06:17:55
Аэропорт Сочи,2021-06-24T10:12:00,2021-06-24T18:36:55
Домодедово,2021-06-23T21:24:00,2021-06-24T04:44:18
Внуково,2021-06-02T14:17:00,2021-06-02T19:56:41
Кольцово,2021-06-19T20:07:00,2021-06-20T01:09:46
Шереметьево,2021-06-07T19:03:00,2021-06-07T19:39:55
Внуково,2021-06-17T04:11:00,2021-06-17T11:11:55
Пулково,2021-06-28T00:57:00,2021-06-28T03:48:41
Пулково,2021-06-11T02:54:00,2021-06-11T08:42:00
Домодедово,2021-06-17T17:21:00,2021-06-18T02:14:32
Домодедово,2021-06-26T20:28:00,2021-06-27T05:24:18
Шереметьево,2021-06-27T12:18:00,2021-06-27T13:43:50
Пулково,2021-06-20T01:21:00,2021-06-20T06:06:13
Домодедово,2021-06-17T08:50:00,2021-06-17T12:31:32
Домодедово,2021-06-12T11:40:00,2021-06-12T16:56:36
Пулково,2021-06-23T06:47:00,2021-06-23T14:03:36
Шереметьево,2021-06-05T18:58:00,2021-06-05T19:48:46
Пулково,2021-06-29T01:07:00,2021-06-29T05:45:46
Домодедово,2021-06-22T04:20:00,2021-06-22T10:56:55
Пулково,2021-06-16T18:47:00,2021-06-17T01:41:27
Кольцово,2021-06-24T04:41:00,2021-06-24T11:06:50
Пулково,2021-06-18T15:07:00,2021-06-18T21:33:46
Кольцово,2021-06-16T18:08:00,2021-06-16T19:56:00
Пулково,2021-06-15T21:37:00,2021-06-16T05:06:32
Домодедово,2021-06-14T16:16:00,2021-06-14T22:09:32
Шереметьево,2021-06-30T03:05:00,2021-06-30T05:37:18
Пулково,2021-06-11T15:16:00,2021-06-11T22:19:41
Пулково,2021-06-22T03:06:00,2021-06-22T10:23:32
Домодедово,2021-06-20T14:34:00,2021-06-20T18:09:04
Пулково,2021-06-01T03:42:00,2021-06-01T04:44:46
Внуково,2021-06-10T00:35:00,2021-06-10T07:52:32
Аэропорт Сочи,2021-06-16T01:15:00,2021-06-16T07:39:00
Домодедово,2021-06-25T21:27:00,2021-06-26T03:47:18
Внуково,2021-06-15T16:41:00,2021-06-15T18:26:13
Пулково,2021-06-29T20:12:00,2021-06-30T02:57:13
Домодедово,2021-06-19T05:43:00,2021-06-19T13:39:18
Пулково,2021-06-30T00:02:00,2021-06-30T02:09:23
Пулково,2021-06-01T11:25:00,2021-06-01T17:52:41
Пулково,2021-06-11T09:46:00,2021-06-11T17:50:36
Домодедово,2021-06-22T19:37:00,2021-06-22T21:29:36
Кольцово,2021-06-23T04:38:00,2021-06-23T10:57:23
Пулково,2021-06-03T02:15:00,2021-06-03T10:40:50
Внуково,2021-06-06T08:37:00,2021-06-06T15:49:00
Внуково,2021-06-16T11:35:00,2021-06-16T19:48:50
Кольцово,2021-06-29T18:44:00,2021-06-30T02:15:23
Домодедово,2021-06-12T23:25:00,2021-06-13T05:16:41
Кольцово,2021-06-13T00:39:00,2021-06-13T04:25:09
Кольцово,2021-06-04T07:59:00,2021-06-04T13:49:46
Домодедово,2021-06-02T00:40:00,2021-06-02T05:22:27
Аэропорт Сочи,2021-06-22T03:52:00,2021-06-22T06:05:50
Кольцово,2021-06-07T23:06:00,2021-06-08T07:11:32
Внуково,2021-06-05T16:43:00,2021-06-05T23:45:46
Пулково,2021-06-02T14:28:00,2021-06-02T21:28:00
Шереметьево,2021-06-17T22:49:00,2021-06-17T23:15:46
Пулково,2021-06-19T09:54:00,2021-06-19T10:25:23
Шереметьево,2021-06-08T13:40:00,2021-06-08T21:17:50
Внуково,2021-06-16T10:50:00,2021-06-16T17:44:27
Пулково,2021-06-04T18:25:00,2021-06-05T00:17:36
Аэропорт Сочи,2021-06-25T20:52:00,2021-06-26T05:09:32
Домодедово,2021-06-06T18:39:00,2021-06-06T20:41:46
Шереметьево,2021-06-07T00:02:00,2021-06-07T05:54:36
Шереметьево,2021-06-18T00:27:00,2021-06-18T04:29:46
Шереметьево,2021-06-13T00:11:00,2021-06-13T08:57:09
Домодедово,2021-06-24T11:16:00,2021-06-24T14:35:23
Аэропорт Сочи,2021-06-09T15:12:00,2021-06-09T16:28:36
Аэропорт Сочи,2021-06-28T08:38:00,2021-06-28T10:27:50
Пулково,2021-06-18T03:43:00,2021-06-18T10:43:00
Шереметьево,2021-06-26T15:33:00,2021-06-26T21:09:00
Шереметьево,2021-06-28T21:35:00,2021-06-29T04:54:23
Кольцово,2021-06-22T11:20:00,2021-06-22T18:28:18
Шереметьево,2021-06-17T16:31:00,2021-06-17T23:13:27
Домодедово,2021-06-18T21:37:00,2021-06-19T03:21:18
Пулково,2021-06-19T14:21:00,2021-06-19T15:33:00
Пулково,2021-06-06T05:26:00,2021-06-06T06:39:50
Пулково,2021-06-18T00:01:00,2021-06-18T07:20:23
Кольцово,2021-06-05T08:05:00,2021-06-05T15:54:50
Кольцово,2021-06-15T03:40:00,2021-06-15T08:43:41
Пулково,2021-06-22T14:10:00,2021-06-22T17:40:27
Внуково,2021-06-09T21:57:00,2021-06-10T01:08:04
Внуково,2021-06-12T00:45:00,2021-06-12T01:32:04
Домодедово,2021-06-19T17:10:00,2021-06-20T01:45:04
Аэропорт Сочи,2021-06-24T09:00:00,2021-06-24T16:02:46
Шереметьево,2021-06-01T23:39:00,2021-06-02T01:24:13
Шереметьево,2021-06-21T10:39:00,2021-06-21T14:01:09
Домодедово,2021-06-06T10:27:00,2021-06-06T14:48:13
Пулково,2021-06-04T00:01:00,2021-06-04T07:49:55
Домодедово,2021-06-27T00:54:00,2021-06-27T03:41:04
Шереметьево,2021-06-30T15:30:00,2021-06-30T20:59:32
Домодедово,2021-06-02T04:38:00,2021-06-02T07:07:32
Домодедово,2021-06-06T10:58:00,2021-06-06T20:04:27
Домодедово,2021-06-09T04:35:00,2021-06-09T13:39:36
Внуково,2021-06-20T14:14:00,2021-06-20T17:23:13
Аэропорт Сочи,2021-06-29T17:49:00,2021-06-29T22:55:27
Шереметьево,2021-06-01T15:34:00,2021-06-01T21:03:32
Шереметьево,2021-06-12T13:05:00,2021-06-12T21:04:04
Внуково,2021-06-04T11:44:00,2021-06-04T15:36:36
Шереметьево,2021-06-24T18:00:00,2021-06-24T21:07:23
Кольцово,2021-06-25T18:32:00,2021-06-26T01:27:23
Домодедово,2021-06-17T01:52:00,2021-06-17T10:02:09
Домодедово,2021-06-28T19:57:00,2021-06-29T00:41:18
Внуково,2021-06-30T18:08:00,2021-06-30T23:36:36
Пулково,2021-06-11T20:53:00,2021-06-11T22:06:50
Внуково,2021-06-29T00:35:00,2021-06-29T08:50:41
Кольцово,2021-06-20T09:28:00,2021-06-20T10:49:13
Внуково,2021-06-20T09:28:00,2021-06-20T10:49:13
Внуково,2021-06-30T05:30:00,2021-06-30T08:41:04
Пулково,2021-06-02T09:54:00,2021-06-02T18:51:13
Кольцово,2021-06-25T01:24:00,2021-06-25T09:24:00
Пулково,2021-06-08T00:26:00,2021-06-08T04:41:41
Пулково,2021-06-27T18:17:00,2021-06-27T23:32:41
Внуково,2021-06-09T17:48:00,2021-06-10T00:58:09
Домодедово,2021-06-15T11:58:00,2021-06-15T12:02:36
Пулково,2021-06-18T03:45:00,2021-06-18T05:15:27
Домодедово,2021-06-12T20:01:00,2021-06-12T20:49:55
Шереметьево,2021-06-22T10:48:00,2021-06-22T14:49:50
Домодедово,2021-06-13T22:32:00,2021-06-14T03:25:32
Пулково,2021-06-19T23:03:00,2021-06-20T01:35:18
Пулково,2021-06-14T02:05:00,2021-06-14T07:34:32
Внуково,2021-06-02T03:28:00,2021-06-02T09:58:27
Шереметьево,2021-06-30T21:47:00,2021-07-01T04:51:36
Домодедово,2021-06-07T22:37:00,2021-06-07T22:49:00
Пулково,2021-06-11T17:42:00,2021-06-11T23:34:36
Пулково,2021-06-03T00:48:00,2021-06-03T10:00:00
Внуково,2021-06-26T09:03:00,2021-06-26T15:02:04
Домодедово,2021-06-06T06:07:00,2021-06-06T12:19:00
Домодедово,2021-06-20T20:22:00,2021-06-21T04:22:00
Пулково,2021-06-11T13:57:00,2021-06-11T20:26:32
Домодедово,2021-06-24T04:08:00,2021-06-24T13:02:27
Пулково,2021-06-21T06:37:00,2021-06-21T12:27:46
Домодедово,2021-06-11T09:46:00,2021-06-11T16:27:32
Домодедово,2021-06-23T14:31:00,2021-06-23T20:33:46
Домодедово,2021-06-08T00:17:00,2021-06-08T07:07:46
Домодедово,2021-06-13T21:33:00,2021-06-14T01:17:18
Шереметьево,2021-06-28T07:56:00,2021-06-28T15:10:46
Пулково,2021-06-04T22:19:00,2021-06-05T02:32:50
Пулково,2021-06-27T05:47:00,2021-06-27T14:38:41
Домодедово,2021-06-25T08:24:00,2021-06-25T16:41:32
Шереметьево,2021-06-22T05:47:00,2021-06-22T14:42:23
Шереметьево,2021-06-01T10:29:00,2021-06-01T13:05:55
Пулково,2021-06-30T13:14:00,2021-06-30T16:54:36
Домодедово,2021-06-01T18:58:00,2021-06-02T03:31:13
Пулково,2021-06-07T19:53:00,2021-06-07T22:30:50
Шереметьево,2021-06-13T20:04:00,2021-06-14T01:18:46
Пулково,2021-06-24T20:36:00,2021-06-25T02:43:23
Внуково,2021-06-05T23:47:00,2021-06-06T01:43:18
Домодедово,2021-06-15T22:25:00,2021-06-16T01:31:27
Пулково,2021-06-15T14:56:00,2021-06-15T20:34:46
Шереметьево,2021-06-09T22:16:00,2021-06-09T22:44:36
Шереметьево,2021-06-18T23:22:00,2021-06-19T02:04:27
Пулково,2021-06-02T20:40:00,2021-06-03T00:40:00
Домодедово,2021-06-15T06:33:00,2021-06-15T15:30:13
Пулково,2021-06-10T06:17:00,2021-06-10T08:41:55
Шереметьево,2021-06-20T02:46:00,2021-06-20T07:28:27
Пулково,2021-06-02T01:42:00,2021-06-02T10:27:13
Внуково,2021-06-24T21:10:00,2021-06-25T04:34:55
Пулково,2021-06-24T21:33:00,2021-06-25T00:36:41
Пулково,2021-06-10T11:04:00,2021-06-10T13:04:00
Домодедово,2021-06-26T02:56:00,2021-06-26T08:33:50
Пулково,2021-06-11T17:29:00,2021-06-11T19:09:36
Внуково,2021-06-06T06:00:00,2021-06-06T14:21:13
Домодедово,2021-06-02T13:19:00,2021-06-02T22:27:18
Кольцово,2021-06-10T15:47:00,2021-06-10T16:35:55
Пулково,2021-06-10T14:24:00,2021-06-10T20:52:36
Пулково,2021-06-20T03:53:00,2021-06-20T12:34:32
Пулково,2021-06-11T11:02:00,2021-06-11T17:03:50
Домодедово,2021-06-17T04:51:00,2021-06-17T07:28:50
Шереметьево,2021-06-30T15:33:00,2021-06-30T18:09:00
Домодедово,2021-06-15T03:49:00,2021-06-15T06:29:36
Домодедово,2021-06-23T03:20:00,2021-06-23T09:02:27
Пулково,2021-06-30T00:22:00,2021-06-30T01:46:00
Домодедово,2021-06-25T01:14:00,2021-06-25T03:50:00
